"Status","Start Time","Stop Time","Duration in ms","Parent Suite","Suite","Sub Suite","Test Class","Test Method","Name","Description"
"passed","Fri Jan 19 11:18:10 GMT 2024","Fri Jan 19 11:18:15 GMT 2024","5550","","modules/nested-tabs/nested-tabs.test.ts","Nested Tabs tests @nested-tabs","","","Title alignment setting",""
"passed","Fri Jan 19 11:17:37 GMT 2024","Fri Jan 19 11:17:46 GMT 2024","9166","","includes/widgets/rating/content-panel.test.ts","Rating content panel - Icon Experiment inactive @rating","","","Functionality test - Icon Experiment: inactive",""
"passed","Fri Jan 19 11:19:14 GMT 2024","Fri Jan 19 11:19:25 GMT 2024","11110","","elements-regression.test.ts","Elementor regression tests with templates for CORE","","","Test icon_hover template",""
"passed","Fri Jan 19 11:20:30 GMT 2024","Fri Jan 19 11:20:47 GMT 2024","17284","","plugin-tester-pro.test.ts","Plugin tester tests: containers","","","""header-footer-elementor"" plugin: @pluginTester1_containers",""
"passed","Fri Jan 19 11:22:46 GMT 2024","Fri Jan 19 11:22:52 GMT 2024","6760","","modules/nested-tabs/nested-tabs.test.ts","Nested Tabs tests @nested-tabs","","","Check title long title alignment",""
"passed","Fri Jan 19 11:19:02 GMT 2024","Fri Jan 19 11:19:14 GMT 2024","11664","","elements-regression.test.ts","Elementor regression tests with templates for CORE","","","Test image_box_hover template",""
"passed","Fri Jan 19 11:19:43 GMT 2024","Fri Jan 19 11:19:48 GMT 2024","5719","","modules/nested-accordion/nested-accordion.test.ts","Nested Accordion experiment inactive @nested-accordion","","","Nested-accordion should not appear in widgets panel",""
"passed","Fri Jan 19 11:20:52 GMT 2024","Fri Jan 19 11:20:56 GMT 2024","3153","","elements-panel.test.ts","","","","block adding from panel an inner section inside an inner section",""
"passed","Fri Jan 19 11:19:08 GMT 2024","Fri Jan 19 11:19:14 GMT 2024","5652","","modules/nested-tabs/nested-tabs.test.ts","Nested Tabs tests @nested-tabs","","","Verify that the icons don't disappear when the tab title is updated",""
"passed","Fri Jan 19 11:17:41 GMT 2024","Fri Jan 19 11:17:49 GMT 2024","7917","","includes/elements/section/reverse-columns/reverse-columns.test.ts","Reverse Columns tests @reverse-columns","","","Reverse columns:tablet - Experiment breakpoints:Off",""
"passed","Fri Jan 19 11:18:23 GMT 2024","Fri Jan 19 11:18:31 GMT 2024","8530","","includes/widgets/rating/style-panel.test.ts","Rating style panel - Icon Experiment: active @rating","","","Rating flex-wrap styling: active",""
"passed","Fri Jan 19 11:20:03 GMT 2024","Fri Jan 19 11:20:15 GMT 2024","11308","","elements-regression.test.ts","Elementor regression tests with templates for CORE","","","Test testimonial template",""
"passed","Fri Jan 19 11:20:48 GMT 2024","Fri Jan 19 11:20:52 GMT 2024","4674","","elements-panel.test.ts","","","","add widgets from the panel by click",""
"passed","Fri Jan 19 11:18:10 GMT 2024","Fri Jan 19 11:18:30 GMT 2024","19850","","elements-regression.test.ts","Elementor regression tests with templates for CORE","","","Test accordion template",""
"passed","Fri Jan 19 11:20:33 GMT 2024","Fri Jan 19 11:20:42 GMT 2024","8887","","modules/nested-tabs/nested-tabs.test.ts","Nested Tabs tests @nested-tabs","","","Test the hover animation",""
"passed","Fri Jan 19 11:23:06 GMT 2024","Fri Jan 19 11:23:12 GMT 2024","5550","","video.test.ts","Video tests inside a section","","","Verify that there is no gap between the video widget and the section",""
"passed","Fri Jan 19 11:18:06 GMT 2024","Fri Jan 19 11:18:14 GMT 2024","7394","","container-grid.test.ts","Container Grid tests @container","","","Test grid outline",""
"passed","Fri Jan 19 11:18:46 GMT 2024","Fri Jan 19 11:18:54 GMT 2024","7930","","link.test.ts","Testing link control for widgets: @styleguide_image_link","","","Verify image-carousel link control",""
"passed","Fri Jan 19 11:19:37 GMT 2024","Fri Jan 19 11:19:52 GMT 2024","15152","","elements-regression.test.ts","Elementor regression tests with templates for CORE","","","Test counter template",""
"passed","Fri Jan 19 11:18:54 GMT 2024","Fri Jan 19 11:19:00 GMT 2024","5920","","link.test.ts","Testing link control for widgets: @styleguide_image_link","","","Verify social-icons link control",""
"passed","Fri Jan 19 11:18:22 GMT 2024","Fri Jan 19 11:18:28 GMT 2024","6380","","modules/nested-accordion/nested-accordion-content.test.ts","Nested Accordion Content Tests @nested-accordion","","","Nested Accordion FAQ Schema",""
"passed","Fri Jan 19 11:18:09 GMT 2024","Fri Jan 19 11:18:20 GMT 2024","11079","","includes/elements/section/reverse-columns/reverse-columns.test.ts","Reverse Columns tests @reverse-columns","","","Reverse columns:mobile_extra - Experiment breakpoints:On",""
"passed","Fri Jan 19 11:18:29 GMT 2024","Fri Jan 19 11:18:48 GMT 2024","18726","","plugin-tester-pro.test.ts","Plugin tester tests: sections","","","""astra-sites"" plugin: @pluginTester1_sections",""
"passed","Fri Jan 19 11:22:26 GMT 2024","Fri Jan 19 11:22:31 GMT 2024","4927","","modules/nested-tabs/nested-tabs.test.ts","Nested Tabs tests @nested-tabs","","","Nested tabs stretch for top direction",""
"passed","Fri Jan 19 11:17:58 GMT 2024","Fri Jan 19 11:18:16 GMT 2024","18606","","plugin-tester-pro.test.ts","Plugin tester tests: sections","","","""powerpack-lite-for-elementor"" plugin: @pluginTester2_sections",""
"passed","Fri Jan 19 11:18:11 GMT 2024","Fri Jan 19 11:18:16 GMT 2024","4382","","assets/dev/js/editor/elements/views/widget.test.ts","$e.run( 'editor/elements/views/widget' )","","","Check if the empty placeholder is displayed inside the Video widget",""
"passed","Fri Jan 19 11:18:48 GMT 2024","Fri Jan 19 11:19:06 GMT 2024","17829","","plugin-tester-pro.test.ts","Plugin tester tests: sections","","","""connect-polylang-elementor"" plugin: @pluginTester1_sections",""
"passed","Fri Jan 19 11:18:53 GMT 2024","Fri Jan 19 11:19:04 GMT 2024","11088","","includes/elements/section/reverse-columns/reverse-columns.test.ts","Reverse Columns tests @reverse-columns","","","Reverse columns:widescreen - Experiment breakpoints:On",""
"passed","Fri Jan 19 11:21:59 GMT 2024","Fri Jan 19 11:22:20 GMT 2024","21467","","plugin-tester-pro.test.ts","Plugin tester tests: containers","","","""ooohboi-steroids-for-elementor"" plugin: @pluginTester1_containers",""
"passed","Fri Jan 19 11:18:18 GMT 2024","Fri Jan 19 11:18:25 GMT 2024","7028","","video.test.ts","Video tests inside a container @video","","","Choose image test",""
"passed","Fri Jan 19 11:17:49 GMT 2024","Fri Jan 19 11:17:57 GMT 2024","7529","","includes/elements/section/reverse-columns/reverse-columns.test.ts","Reverse Columns tests @reverse-columns","","","Reverse columns:All - Experiment breakpoints:Off",""
"passed","Fri Jan 19 11:20:00 GMT 2024","Fri Jan 19 11:20:12 GMT 2024","12220","","elements-regression.test.ts","Elementor regression tests with templates for CORE","","","Test tabs template",""
"passed","Fri Jan 19 11:19:13 GMT 2024","Fri Jan 19 11:19:29 GMT 2024","16640","","plugin-tester-pro.test.ts","Plugin tester tests: sections","","","""sb-elementor-contact-form-db"" plugin: @pluginTester2_sections",""
"passed","Fri Jan 19 11:19:39 GMT 2024","Fri Jan 19 11:19:42 GMT 2024","3745","","button.test.ts","","","","Button controls should return to default",""
"passed","Fri Jan 19 11:17:40 GMT 2024","Fri Jan 19 11:17:56 GMT 2024","16310","","modules/nested-tabs/nested-tabs.test.ts","Nested Tabs tests @nested-tabs","","","General test",""
"passed","Fri Jan 19 11:21:36 GMT 2024","Fri Jan 19 11:21:56 GMT 2024","20768","","modules/nested-tabs/nested-tabs.test.ts","Nested Tabs tests @nested-tabs","","","Check that background video is loaded in multiple content containers",""
"passed","Fri Jan 19 11:22:21 GMT 2024","Fri Jan 19 11:22:26 GMT 2024","4966","","modules/nested-tabs/nested-tabs.test.ts","Nested Tabs tests @nested-tabs","","","Nested tabs stretch for right direction",""
"passed","Fri Jan 19 11:19:01 GMT 2024","Fri Jan 19 11:19:18 GMT 2024","17105","","modules/nested-accordion/nested-accordion-style.test.ts","Nested Accordion Style Tests @nested-accordion","","","Content style tests",""
"passed","Fri Jan 19 11:18:54 GMT 2024","Fri Jan 19 11:19:13 GMT 2024","18682","","plugin-tester-pro.test.ts","Plugin tester tests: sections","","","""royal-elementor-addons"" plugin: @pluginTester2_sections",""
"passed","Fri Jan 19 11:19:00 GMT 2024","Fri Jan 19 11:19:08 GMT 2024","8074","","modules/nested-tabs/nested-tabs.test.ts","Nested Tabs tests @nested-tabs","","","Verify the separation of the parent and child nested tabs styling",""
"passed","Fri Jan 19 11:17:31 GMT 2024","Fri Jan 19 11:17:37 GMT 2024","5864","","includes/widgets/rating/accessibility-structured-data.test.ts","Accessibility & Structured data @rating","","","Accessibility & Structured data",""
"passed","Fri Jan 19 11:21:30 GMT 2024","Fri Jan 19 11:21:48 GMT 2024","18483","","plugin-tester-pro.test.ts","Plugin tester tests: sections","","","""metform"" plugin: @pluginTester1_sections",""
"passed","Fri Jan 19 11:18:52 GMT 2024","Fri Jan 19 11:19:00 GMT 2024","7503","","modules/nested-tabs/nested-tabs.test.ts","Nested Tabs tests @nested-tabs","","","Check that icon color does not affect the tab text color",""
"passed","Fri Jan 19 11:17:41 GMT 2024","Fri Jan 19 11:17:48 GMT 2024","6994","","modules/nested-accordion/nested-accordion-content.test.ts","Nested Accordion Content Tests @nested-accordion","","","Nested Accordion test SVG Icon and No Icon",""
"passed","Fri Jan 19 11:20:02 GMT 2024","Fri Jan 19 11:20:06 GMT 2024","3815","","modules/nested-accordion/nested-accordion.test.ts","Nested Accordion experiment is active @nested-accordion","","","Nested Accordion stays full width in container Direction Row",""
"passed","Fri Jan 19 11:18:23 GMT 2024","Fri Jan 19 11:18:27 GMT 2024","3859","","container-grid.test.ts","Container Grid tests @container","","","Test grid back arrow",""
"passed","Fri Jan 19 11:20:12 GMT 2024","Fri Jan 19 11:20:18 GMT 2024","5963","","container.test.ts","Container tests @container","","","Spacer alignment with container column setting",""
"passed","Fri Jan 19 11:21:41 GMT 2024","Fri Jan 19 11:21:59 GMT 2024","17101","","plugin-tester-pro.test.ts","Plugin tester tests: containers","","","""music-player-for-elementor"" plugin: @pluginTester1_containers",""
"passed","Fri Jan 19 11:22:08 GMT 2024","Fri Jan 19 11:22:21 GMT 2024","12566","","modules/nested-tabs/nested-tabs.test.ts","Nested Tabs tests @nested-tabs","","","Nested tabs horizontal scroll - rtl",""
"passed","Fri Jan 19 11:22:38 GMT 2024","Fri Jan 19 11:22:46 GMT 2024","8043","","modules/nested-tabs/nested-tabs.test.ts","Nested Tabs tests @nested-tabs","","","Verify the correct hover effect with screenshots",""
"passed","Fri Jan 19 11:18:31 GMT 2024","Fri Jan 19 11:18:36 GMT 2024","4483","","assets/dev/js/editor/regions/panel/pages/menu/exit-to.test.ts","","","","Exit to user preference sanity test",""
"passed","Fri Jan 19 11:20:12 GMT 2024","Fri Jan 19 11:20:16 GMT 2024","3529","","context-menu.test.ts","Context menu","","","Style test",""
"passed","Fri Jan 19 11:20:00 GMT 2024","Fri Jan 19 11:20:12 GMT 2024","12548","","container.test.ts","Container tests @container","","","Fallback image is not on top of background video AND border radius with background image",""
"passed","Fri Jan 19 11:19:36 GMT 2024","Fri Jan 19 11:19:48 GMT 2024","11220","","elements-regression.test.ts","Elementor regression tests with templates for CORE","","","Test text_path_hover template",""
"passed","Fri Jan 19 11:18:48 GMT 2024","Fri Jan 19 11:19:04 GMT 2024","15832","","elements-regression.test.ts","Elementor regression tests with templates for CORE","","","Test icon_list template",""
"passed","Fri Jan 19 11:20:16 GMT 2024","Fri Jan 19 11:20:24 GMT 2024","8477","","core/base/document.test.ts","Document tests","","","Converting Gutenberg page to sections columns",""
"passed","Fri Jan 19 11:19:47 GMT 2024","Fri Jan 19 11:19:51 GMT 2024","3317","","button.test.ts","","","","Verify Button Promotions",""
"passed","Fri Jan 19 11:17:32 GMT 2024","Fri Jan 19 11:17:39 GMT 2024","6910","","modules/ai/ai-button.test.ts","AI @ai","","","AI Button",""
"passed","Fri Jan 19 11:20:56 GMT 2024","Fri Jan 19 11:21:02 GMT 2024","6831","","modules/nested-tabs/nested-tabs.test.ts","Nested Tabs tests @nested-tabs","","","Verify that the tab activation works correctly",""
"passed","Fri Jan 19 11:18:07 GMT 2024","Fri Jan 19 11:18:13 GMT 2024","5828","","includes/widgets/image.test.ts","Image widget tests @styleguide_image_link","","","image-box: Custom image size test",""
"passed","Fri Jan 19 11:21:02 GMT 2024","Fri Jan 19 11:21:21 GMT 2024","19379","","includes/elements/section/stretch-section.test.ts","","","","Stretch section",""
"passed","Fri Jan 19 11:18:04 GMT 2024","Fri Jan 19 11:18:08 GMT 2024","3852","","assets/dev/js/editor/elements/views/widget.test.ts","$e.run( 'editor/elements/views/widget' )","","","Check if the empty placeholder is displayed inside the Image Box widget",""
"passed","Fri Jan 19 11:20:18 GMT 2024","Fri Jan 19 11:20:22 GMT 2024","3570","","container.test.ts","Container tests @container","","","Right container padding for preset c100-c50-50",""
"passed","Fri Jan 19 11:19:22 GMT 2024","Fri Jan 19 11:19:30 GMT 2024","8137","","container.test.ts","Container tests @container","","","Test widgets inside the container using position absolute",""
"passed","Fri Jan 19 11:17:35 GMT 2024","Fri Jan 19 11:17:40 GMT 2024","5458","","core/app/modules/onboarding/onboarding.test.ts","On boarding @onBoarding","","","Onboarding Upgrade Popover",""
"passed","Fri Jan 19 11:19:18 GMT 2024","Fri Jan 19 11:19:30 GMT 2024","12032","","modules/nested-accordion/nested-accordion-style.test.ts","Nested Accordion Style Tests @nested-accordion","","","Header style tests",""
"passed","Fri Jan 19 11:20:20 GMT 2024","Fri Jan 19 11:20:37 GMT 2024","17478","","plugin-tester-pro.test.ts","Plugin tester tests: sections","","","""unlimited-elements-for-elementor"" plugin: @pluginTester2_sections",""
"passed","Fri Jan 19 11:20:17 GMT 2024","Fri Jan 19 11:20:26 GMT 2024","9813","","modules/nested-accordion/nested-accordion.test.ts","Nested Accordion experiment is active @nested-accordion","","","Accessibility on the Front End",""
"passed","Fri Jan 19 11:18:46 GMT 2024","Fri Jan 19 11:18:57 GMT 2024","10282","","modules/ai/user-information.test.ts","AI @ai","","","User Information",""
"passed","Fri Jan 19 11:18:20 GMT 2024","Fri Jan 19 11:18:31 GMT 2024","11198","","includes/elements/section/reverse-columns/reverse-columns.test.ts","Reverse Columns tests @reverse-columns","","","Reverse columns:tablet - Experiment breakpoints:On",""
"passed","Fri Jan 19 11:18:38 GMT 2024","Fri Jan 19 11:18:51 GMT 2024","12742","","elements-regression.test.ts","Elementor regression tests with templates for CORE","","","Test button_hover template",""
"passed","Fri Jan 19 11:18:16 GMT 2024","Fri Jan 19 11:18:37 GMT 2024","20648","","plugin-tester-pro.test.ts","Plugin tester tests: sections","","","""premium-addons-for-elementor"" plugin: @pluginTester2_sections",""
"passed","Fri Jan 19 11:19:19 GMT 2024","Fri Jan 19 11:19:37 GMT 2024","18249","","elements-regression.test.ts","Elementor regression tests with templates for CORE","","","Test basic_gallery template",""
"passed","Fri Jan 19 11:21:05 GMT 2024","Fri Jan 19 11:21:10 GMT 2024","4547","","container.test.ts","Container tests @container","","","Widgets are not editable in preview mode",""
"passed","Fri Jan 19 11:21:29 GMT 2024","Fri Jan 19 11:21:33 GMT 2024","4090","","includes/widgets/icon-list.test.ts","Icon List","","","Test vertical alignment of the icons",""
"passed","Fri Jan 19 11:17:42 GMT 2024","Fri Jan 19 11:17:50 GMT 2024","8341","","assets/dev/js/editor/controls-conditions.test.ts","","","","Editor Responsive Control Conditions",""
"passed","Fri Jan 19 11:21:02 GMT 2024","Fri Jan 19 11:21:11 GMT 2024","9411","","modules/styleguide/styleguide.test.ts","Styleguide Preview tests @styleguide_image_link","","","Adding and removing new colors",""
"passed","Fri Jan 19 11:19:52 GMT 2024","Fri Jan 19 11:20:03 GMT 2024","11023","","elements-regression.test.ts","Elementor regression tests with templates for CORE","","","Test progress_bar template",""
"passed","Fri Jan 19 11:17:30 GMT 2024","Fri Jan 19 11:17:52 GMT 2024","22586","","elements-regression.test.ts","Elementor regression tests with templates for CORE","","","Test divider template",""
"passed","Fri Jan 19 11:20:01 GMT 2024","Fri Jan 19 11:20:06 GMT 2024","4348","","context-menu.test.ts","Context menu","","","Reset widget style test",""
"passed","Fri Jan 19 11:20:10 GMT 2024","Fri Jan 19 11:20:17 GMT 2024","6327","","modules/nested-accordion/nested-accordion.test.ts","Nested Accordion experiment is active @nested-accordion","","","Accessibility inside the Editor",""
"passed","Fri Jan 19 11:20:34 GMT 2024","Fri Jan 19 11:20:39 GMT 2024","5187","","container.test.ts","Container tests @container","","","Container Transform controls",""
"passed","Fri Jan 19 11:20:58 GMT 2024","Fri Jan 19 11:21:02 GMT 2024","3105","","hidden-widgets-on-search.test.ts","","","","Wordpress widget should not be shown in search result",""
"passed","Fri Jan 19 11:19:40 GMT 2024","Fri Jan 19 11:19:59 GMT 2024","18576","","plugin-tester-pro.test.ts","Plugin tester tests: sections","","","""elementskit-lite"" plugin: @pluginTester1_sections",""
"passed","Fri Jan 19 11:19:57 GMT 2024","Fri Jan 19 11:20:02 GMT 2024","5225","","modules/nested-accordion/nested-accordion.test.ts","Nested Accordion experiment is active @nested-accordion","","","Nested Accordion Visual Regression Test",""
"passed","Fri Jan 19 11:19:43 GMT 2024","Fri Jan 19 11:20:00 GMT 2024","16805","","elements-regression.test.ts","Elementor regression tests with templates for CORE","","","Test image_carousel template",""
"passed","Fri Jan 19 11:20:37 GMT 2024","Fri Jan 19 11:20:42 GMT 2024","4896","","device-mode.test.ts","Device mode","","","Correct device mode is returned on Desktop",""
"passed","Fri Jan 19 11:21:02 GMT 2024","Fri Jan 19 11:21:11 GMT 2024","8485","","modules/nested-tabs/nested-tabs.test.ts","Nested Tabs tests @nested-tabs","","","Test the nested tabs behaviour when using container flex row",""
"passed","Fri Jan 19 11:20:47 GMT 2024","Fri Jan 19 11:20:48 GMT 2024","1044","","editor-v2.test.ts","Editor v2","","","check panel styles",""
"passed","Fri Jan 19 11:17:46 GMT 2024","Fri Jan 19 11:17:56 GMT 2024","9349","","includes/widgets/rating/content-panel.test.ts","Rating content panel - Icon Experiment active @rating","","","Functionality test - Icon Experiment: active",""
"passed","Fri Jan 19 11:18:13 GMT 2024","Fri Jan 19 11:18:18 GMT 2024","4206","","includes/widgets/image.test.ts","Image widget tests @styleguide_image_link","","","Lightbox image captions aligned center",""
"passed","Fri Jan 19 11:17:47 GMT 2024","Fri Jan 19 11:18:03 GMT 2024","15566","","video.test.ts","Video tests inside a container @video","","","youtube controls and link test",""
"passed","Fri Jan 19 11:18:45 GMT 2024","Fri Jan 19 11:18:52 GMT 2024","7768","","modules/nested-tabs/nested-tabs.test.ts","Nested Tabs tests @nested-tabs","","","Check that the hover affects non-active tab only",""
"passed","Fri Jan 19 11:21:49 GMT 2024","Fri Jan 19 11:21:53 GMT 2024","3909","","container.test.ts","Container tests @container","","","Gaps Control test - Check that control placeholder",""
"passed","Fri Jan 19 11:17:52 GMT 2024","Fri Jan 19 11:18:10 GMT 2024","17505","","elements-regression.test.ts","Elementor regression tests with templates for CORE","","","Test heading template",""
"passed","Fri Jan 19 11:20:32 GMT 2024","Fri Jan 19 11:20:43 GMT 2024","10621","","modules/styleguide/styleguide.test.ts","Styleguide Preview tests @styleguide_image_link","","","Clicks on font trigger picker state and active state",""
"passed","Fri Jan 19 11:19:36 GMT 2024","Fri Jan 19 11:19:41 GMT 2024","5710","","container.test.ts","Container tests @container","","","Container full width and position fixed",""
"passed","Fri Jan 19 11:20:53 GMT 2024","Fri Jan 19 11:21:02 GMT 2024","8987","","modules/styleguide/styleguide.test.ts","Styleguide Preview tests @styleguide_image_link","","","Change color title",""
"passed","Fri Jan 19 11:17:53 GMT 2024","Fri Jan 19 11:18:10 GMT 2024","17891","","elements-regression.test.ts","Elementor regression tests with templates for CORE","","","Test social_icons template",""
"passed","Fri Jan 19 11:22:06 GMT 2024","Fri Jan 19 11:22:27 GMT 2024","21663","","plugin-tester-pro.test.ts","Plugin tester tests: sections","","","""ooohboi-steroids-for-elementor"" plugin: @pluginTester1_sections",""
"passed","Fri Jan 19 11:20:47 GMT 2024","Fri Jan 19 11:20:56 GMT 2024","8701","","modules/nested-tabs/nested-tabs.test.ts","Nested Tabs tests @nested-tabs","","","Test swiper based carousel works as expected when switching to a new tab",""
"passed","Fri Jan 19 11:20:06 GMT 2024","Fri Jan 19 11:20:09 GMT 2024","3505","","context-menu.test.ts","Context menu","","","Open Navigator test",""
"passed","Fri Jan 19 11:20:52 GMT 2024","Fri Jan 19 11:21:12 GMT 2024","19807","","plugin-tester-pro.test.ts","Plugin tester tests: sections","","","""jeg-elementor-kit"" plugin: @pluginTester1_sections",""
"passed","Fri Jan 19 11:21:21 GMT 2024","Fri Jan 19 11:21:29 GMT 2024","7713","","includes/widgets/google-maps.test.ts","","","","Verify Google maps controls",""
"passed","Fri Jan 19 11:18:45 GMT 2024","Fri Jan 19 11:19:08 GMT 2024","23044","","elements-regression.test.ts","Elementor regression tests with templates for CORE","","","Test image template",""
"passed","Fri Jan 19 11:19:42 GMT 2024","Fri Jan 19 11:19:47 GMT 2024","5105","","button.test.ts","","","","Verify button Id control",""
"passed","Fri Jan 19 11:18:26 GMT 2024","Fri Jan 19 11:18:32 GMT 2024","5401","","modules/ai/assets/js/editor/components/prompt-history/index.test.ts","AI @ai","","","Prompt History - Code",""
"passed","Fri Jan 19 11:21:30 GMT 2024","Fri Jan 19 11:21:34 GMT 2024","3422","","container.test.ts","Container tests @container","","","Container no horizontal scroll",""
"passed","Fri Jan 19 11:21:27 GMT 2024","Fri Jan 19 11:21:30 GMT 2024","3476","","container.test.ts","Container tests @container","","","Test container wizard",""
"passed","Fri Jan 19 11:20:27 GMT 2024","Fri Jan 19 11:20:33 GMT 2024","5921","","modules/nested-tabs/nested-tabs.test.ts","Nested Tabs tests @nested-tabs","","","Verify that the tab sizes don't shrink when adding a widget in the content section.",""
"passed","Fri Jan 19 11:21:48 GMT 2024","Fri Jan 19 11:21:57 GMT 2024","8851","","includes/widgets/image-carousel.test.ts","Image carousel tests","","","Image Carousel",""
"passed","Fri Jan 19 11:18:45 GMT 2024","Fri Jan 19 11:18:50 GMT 2024","5653","","container-grid.test.ts","Container Grid tests @container","","","Test Empty View should not distorse preview on tablet",""
"passed","Fri Jan 19 11:18:18 GMT 2024","Fri Jan 19 11:18:26 GMT 2024","7630","","modules/ai/assets/js/editor/components/prompt-history/index.test.ts","AI @ai","","","Prompt History - Text",""
"passed","Fri Jan 19 11:17:56 GMT 2024","Fri Jan 19 11:18:02 GMT 2024","6068","","modules/nested-tabs/nested-tabs.test.ts","Nested Tabs tests @nested-tabs","","","Accessibility inside the Editor",""
"passed","Fri Jan 19 11:17:44 GMT 2024","Fri Jan 19 11:17:45 GMT 2024","849","","core/app/modules/onboarding/onboarding.test.ts","On boarding @onBoarding","","","Onboarding Site Name Page",""
"passed","Fri Jan 19 11:17:33 GMT 2024","Fri Jan 19 11:17:54 GMT 2024","21233","","plugin-tester-pro.test.ts","Plugin tester tests: sections","","","""addon-elements-for-elementor-page-builder"" plugin: @pluginTester1_sections",""
"passed","Fri Jan 19 11:18:04 GMT 2024","Fri Jan 19 11:18:13 GMT 2024","8605","","includes/widgets/rating/style-panel.test.ts","Rating style panel - Icon Experiment: inactive @rating","","","Rating flex-wrap styling: inactive",""
"passed","Fri Jan 19 11:18:25 GMT 2024","Fri Jan 19 11:18:34 GMT 2024","8388","","video.test.ts","Video tests inside a container @video","","","Lightbox video test",""
"passed","Fri Jan 19 11:22:06 GMT 2024","Fri Jan 19 11:22:17 GMT 2024","11012","","includes/widgets/image-carousel.test.ts","Image carousel tests","","","Image caption test",""
"passed","Fri Jan 19 11:19:02 GMT 2024","Fri Jan 19 11:19:08 GMT 2024","5354","","basic-gallery.test.ts","","","","Basic Gallery",""
"passed","Fri Jan 19 11:19:08 GMT 2024","Fri Jan 19 11:19:16 GMT 2024","8099","","basic-gallery.test.ts","","","","Basic Gallery Lightbox test with latest Swiper",""
"passed","Fri Jan 19 11:20:39 GMT 2024","Fri Jan 19 11:21:05 GMT 2024","26283","","container.test.ts","Container tests @container","","","Justify icons are displayed correctly",""
"passed","Fri Jan 19 11:19:01 GMT 2024","Fri Jan 19 11:19:19 GMT 2024","17575","","plugin-tester-pro.test.ts","Plugin tester tests: containers","","","""dynamic-visibility-for-elementor"" plugin: @pluginTester1_containers",""
"passed","Fri Jan 19 11:21:40 GMT 2024","Fri Jan 19 11:21:49 GMT 2024","8496","","container.test.ts","Container tests @container","","","Test spacer inside of the container",""
"passed","Fri Jan 19 11:20:54 GMT 2024","Fri Jan 19 11:21:13 GMT 2024","18653","","plugin-tester-pro.test.ts","Plugin tester tests: sections","","","""ht-mega-for-elementor"" plugin: @pluginTester2_sections",""
"passed","Fri Jan 19 11:21:10 GMT 2024","Fri Jan 19 11:21:18 GMT 2024","7939","","container.test.ts","Container tests @container","","","Test grid container controls",""
"passed","Fri Jan 19 11:20:28 GMT 2024","Fri Jan 19 11:20:36 GMT 2024","8122","","elements-regression.test.ts","Elementor regression tests with templates for CORE","","","Test spacer template",""
"passed","Fri Jan 19 11:21:22 GMT 2024","Fri Jan 19 11:21:31 GMT 2024","9087","","modules/styleguide/styleguide.test.ts","Styleguide Preview tests @styleguide_image_link","","","Changed color in picker to reflect in styleguide",""
"passed","Fri Jan 19 11:21:31 GMT 2024","Fri Jan 19 11:21:41 GMT 2024","10084","","modules/styleguide/styleguide.test.ts","Styleguide Preview tests @styleguide_image_link","","","Changed font values in picker to reflect in styleguide",""
"passed","Fri Jan 19 11:19:24 GMT 2024","Fri Jan 19 11:19:43 GMT 2024","18549","","elements-regression.test.ts","Elementor regression tests with templates for CORE","","","Test image_box template",""
"passed","Fri Jan 19 11:18:13 GMT 2024","Fri Jan 19 11:18:23 GMT 2024","9576","","includes/widgets/rating/style-panel.test.ts","Rating style panel - Icon Experiment: active @rating","","","Styling test - Icon Experiment: active",""
"passed","Fri Jan 19 11:18:12 GMT 2024","Fri Jan 19 11:18:29 GMT 2024","17150","","plugin-tester-pro.test.ts","Plugin tester tests: sections","","","""anywhere-elementor"" plugin: @pluginTester1_sections",""
"passed","Fri Jan 19 11:17:59 GMT 2024","Fri Jan 19 11:18:17 GMT 2024","17631","","modules/nested-accordion/nested-accordion-content.test.ts","Nested Accordion Content Tests @nested-accordion","","","Nested Accordion Title, Text and Icon Position",""
"passed","Fri Jan 19 11:18:48 GMT 2024","Fri Jan 19 11:19:02 GMT 2024","14201","","assets/js/frontend/utils/url-actions.test.ts","URL Actions","","","Test Lightbox and URL Actions",""
"passed","Fri Jan 19 11:17:36 GMT 2024","Fri Jan 19 11:17:41 GMT 2024","5366","","video.test.ts","Video tests inside a container @video","","","Verify Video Promotions",""
"passed","Fri Jan 19 11:20:12 GMT 2024","Fri Jan 19 11:20:28 GMT 2024","15969","","elements-regression.test.ts","Elementor regression tests with templates for CORE","","","Test video template",""
"passed","Fri Jan 19 11:20:47 GMT 2024","Fri Jan 19 11:21:07 GMT 2024","19684","","plugin-tester-pro.test.ts","Plugin tester tests: containers","","","""jeg-elementor-kit"" plugin: @pluginTester1_containers",""
"passed","Fri Jan 19 11:19:23 GMT 2024","Fri Jan 19 11:19:35 GMT 2024","11890","","bg-lazyload.test.ts","Background Lazy Load","","","Background lazy load sanity test",""
"passed","Fri Jan 19 11:18:29 GMT 2024","Fri Jan 19 11:18:37 GMT 2024","8442","","modules/nested-tabs/nested-tabs.test.ts","Nested Tabs tests @nested-tabs","","","Check the icon size on frontend",""
"passed","Fri Jan 19 11:18:18 GMT 2024","Fri Jan 19 11:18:23 GMT 2024","5644","","link.test.ts","Testing link control for widgets: @styleguide_image_link","","","Verify heading link control",""
"passed","Fri Jan 19 11:18:35 GMT 2024","Fri Jan 19 11:18:40 GMT 2024","5719","","link.test.ts","Testing link control for widgets: @styleguide_image_link","","","Verify image link control",""
"passed","Fri Jan 19 11:22:22 GMT 2024","Fri Jan 19 11:22:28 GMT 2024","5995","","includes/widgets/tabs.test.ts","Tabs widget tests","","","Tabs widget sanity test",""
"passed","Fri Jan 19 11:19:05 GMT 2024","Fri Jan 19 11:19:21 GMT 2024","15492","","modules/styleguide/styleguide.test.ts","Styleguide Preview tests @styleguide_image_link","","","Enabling Styleguide Preview user preference enabled Styleguide Preview at Global Colors and Global Typography",""
"passed","Fri Jan 19 11:22:34 GMT 2024","Fri Jan 19 11:22:51 GMT 2024","16994","","lighthouse.test.ts","Lighthouse tests","","","Accordion widget test",""
"passed","Fri Jan 19 11:19:19 GMT 2024","Fri Jan 19 11:19:36 GMT 2024","16825","","plugin-tester-pro.test.ts","Plugin tester tests: containers","","","""ele-custom-skin"" plugin: @pluginTester1_containers",""
"passed","Fri Jan 19 11:22:28 GMT 2024","Fri Jan 19 11:22:34 GMT 2024","6147","","includes/widgets/text-path.test.ts","","","","Custom path type",""
"passed","Fri Jan 19 11:18:12 GMT 2024","Fri Jan 19 11:18:18 GMT 2024","6552","","video.test.ts","Video tests inside a container @video","","","dailymotion controls and link test",""
"passed","Fri Jan 19 11:21:11 GMT 2024","Fri Jan 19 11:21:22 GMT 2024","10574","","modules/styleguide/styleguide.test.ts","Styleguide Preview tests @styleguide_image_link","","","Adding and removing new fonts",""
"passed","Fri Jan 19 11:21:33 GMT 2024","Fri Jan 19 11:21:41 GMT 2024","8465","","includes/widgets/icon.test.ts","Icon and social icon widget tests","","","Enable SVG fit-to-size",""
"passed","Fri Jan 19 11:17:50 GMT 2024","Fri Jan 19 11:18:08 GMT 2024","17934","","modules/ai/assets/js/editor/components/prompt-history/index.test.ts","AI @ai","","","Prompt History - Common",""
"passed","Fri Jan 19 11:21:41 GMT 2024","Fri Jan 19 11:21:58 GMT 2024","16857","","modules/styleguide/styleguide.test.ts","Styleguide Preview tests @styleguide_image_link","","","Switching between tabs makes relevant area visible",""
"passed","Fri Jan 19 11:19:36 GMT 2024","Fri Jan 19 11:19:54 GMT 2024","18783","","plugin-tester-pro.test.ts","Plugin tester tests: containers","","","""elementskit-lite"" plugin: @pluginTester1_containers",""
"passed","Fri Jan 19 11:19:58 GMT 2024","Fri Jan 19 11:20:01 GMT 2024","3673","","context-menu.test.ts","Context menu","","","Copy Paste widget test",""
"passed","Fri Jan 19 11:21:57 GMT 2024","Fri Jan 19 11:22:06 GMT 2024","8681","","includes/widgets/image-carousel.test.ts","Image carousel tests","","","Accessibility test",""
"passed","Fri Jan 19 11:18:37 GMT 2024","Fri Jan 19 11:18:54 GMT 2024","17103","","plugin-tester-pro.test.ts","Plugin tester tests: sections","","","""rife-elementor-extensions"" plugin: @pluginTester2_sections",""
"passed","Fri Jan 19 11:18:36 GMT 2024","Fri Jan 19 11:18:41 GMT 2024","4902","","assets/dev/js/frontend/handlers/image-carousel/lazyload.test.ts","","","","Image Carousel widget sanity test lazyload",""
"passed","Fri Jan 19 11:20:43 GMT 2024","Fri Jan 19 11:20:53 GMT 2024","10007","","modules/styleguide/styleguide.test.ts","Styleguide Preview tests @styleguide_image_link","","","Change font title",""
"passed","Fri Jan 19 11:18:22 GMT 2024","Fri Jan 19 11:18:29 GMT 2024","6759","","modules/nested-tabs/nested-tabs.test.ts","Nested Tabs tests @nested-tabs","","","Check visibility of icon svg file when font icons experiment is active",""
"passed","Fri Jan 19 11:18:37 GMT 2024","Fri Jan 19 11:18:45 GMT 2024","7553","","modules/nested-tabs/nested-tabs.test.ts","Nested Tabs tests @nested-tabs","","","Check Gap between tabs and Space between tabs controls in mobile view",""
"passed","Fri Jan 19 11:18:42 GMT 2024","Fri Jan 19 11:18:53 GMT 2024","11085","","includes/elements/section/reverse-columns/reverse-columns.test.ts","Reverse Columns tests @reverse-columns","","","Reverse columns:laptop - Experiment breakpoints:On",""
"passed","Fri Jan 19 11:21:26 GMT 2024","Fri Jan 19 11:21:30 GMT 2024","4603","","modules/nested-tabs/nested-tabs.test.ts","Nested Tabs tests @nested-tabs","","","Nested tabs check flex wrap",""
"passed","Fri Jan 19 11:21:12 GMT 2024","Fri Jan 19 11:21:30 GMT 2024","17629","","plugin-tester-pro.test.ts","Plugin tester tests: sections","","","""make-column-clickable-elementor"" plugin: @pluginTester1_sections",""
"passed","Fri Jan 19 11:19:04 GMT 2024","Fri Jan 19 11:19:16 GMT 2024","11968","","includes/elements/section/reverse-columns/reverse-columns.test.ts","Reverse Columns tests @reverse-columns","","","Reverse columns:All - Experiment breakpoints:On",""
"passed","Fri Jan 19 11:19:43 GMT 2024","Fri Jan 19 11:19:57 GMT 2024","13990","","modules/styleguide/styleguide.test.ts","Styleguide Preview tests @styleguide_image_link","","","Enabling Styleguide Preview at Global Typography shows the Styleguide Modal and updates user preferences",""
"passed","Fri Jan 19 11:21:16 GMT 2024","Fri Jan 19 11:21:26 GMT 2024","9603","","modules/nested-tabs/nested-tabs.test.ts","Nested Tabs tests @nested-tabs","","","Check widget content styling doesn't override the content container styling when they are used together",""
"passed","Fri Jan 19 11:20:22 GMT 2024","Fri Jan 19 11:20:34 GMT 2024","12109","","container.test.ts","Container tests @container","","","Container handle should be centered",""
"passed","Fri Jan 19 11:17:40 GMT 2024","Fri Jan 19 11:17:43 GMT 2024","2599","","core/app/modules/onboarding/onboarding.test.ts","On boarding @onBoarding","","","Onboarding Create Account Popup Open",""
"passed","Fri Jan 19 11:20:04 GMT 2024","Fri Jan 19 11:20:27 GMT 2024","23253","","modules/nested-tabs/nested-tabs.test.ts","Nested Tabs tests @nested-tabs","","","Verify the correct relationships between normal, hover and active styling",""
"passed","Fri Jan 19 11:20:42 GMT 2024","Fri Jan 19 11:20:47 GMT 2024","5058","","editor-v2.test.ts","Editor v2","","","check that app-bar exists",""
"passed","Fri Jan 19 11:17:32 GMT 2024","Fri Jan 19 11:17:41 GMT 2024","9214","","modules/nested-accordion/nested-accordion-content.test.ts","Nested Accordion Content Tests @nested-accordion","","","Nested Accordion Title Icon and Text Vertical Alignment",""
"passed","Fri Jan 19 11:23:00 GMT 2024","Fri Jan 19 11:23:06 GMT 2024","6730","","section.test.ts","Section tests","","","Verify that elements are in the correct order after passing into a new section",""
"passed","Fri Jan 19 11:19:35 GMT 2024","Fri Jan 19 11:19:39 GMT 2024","3516","","button.test.ts","","","","Button widget sanity test",""
"passed","Fri Jan 19 11:18:50 GMT 2024","Fri Jan 19 11:18:57 GMT 2024","6682","","container-grid.test.ts","Container Grid tests @container","","","Need Help url for grid and flex containers",""
"passed","Fri Jan 19 11:17:48 GMT 2024","Fri Jan 19 11:17:59 GMT 2024","10472","","modules/nested-accordion/nested-accordion-content.test.ts","Nested Accordion Content Tests @nested-accordion","","","Nested Accordion test SVG Icon and No Icon when Title Icons is disabled",""
"passed","Fri Jan 19 11:19:04 GMT 2024","Fri Jan 19 11:19:22 GMT 2024","17948","","container.test.ts","Container tests @container","","","Test widgets display inside the container using various directions and content width",""
"passed","Fri Jan 19 11:18:29 GMT 2024","Fri Jan 19 11:18:35 GMT 2024","5662","","link.test.ts","Testing link control for widgets: @styleguide_image_link","","","Verify icon link control",""
"passed","Fri Jan 19 11:19:59 GMT 2024","Fri Jan 19 11:20:16 GMT 2024","17496","","plugin-tester-pro.test.ts","Plugin tester tests: sections","","","""envato-elements"" plugin: @pluginTester1_sections",""
"passed","Fri Jan 19 11:19:00 GMT 2024","Fri Jan 19 11:19:05 GMT 2024","5620","","link.test.ts","Testing link control for widgets: @styleguide_image_link","","","Verify text-path link control",""
"passed","Fri Jan 19 11:18:38 GMT 2024","Fri Jan 19 11:18:46 GMT 2024","8572","","modules/ai/text.test.ts","AI @ai","","","Text",""
"passed","Fri Jan 19 11:19:51 GMT 2024","Fri Jan 19 11:19:54 GMT 2024","3369","","context-menu.test.ts","Context menu","","","Edit widget test",""
"passed","Fri Jan 19 11:18:46 GMT 2024","Fri Jan 19 11:19:01 GMT 2024","14606","","modules/nested-accordion/nested-accordion-style.test.ts","Nested Accordion Style Tests @nested-accordion","","","Accordion style tests",""
"passed","Fri Jan 19 11:18:39 GMT 2024","Fri Jan 19 11:18:45 GMT 2024","5596","","container-grid.test.ts","Container Grid tests @container","","","Test Empty View should not distorse preview",""
"passed","Fri Jan 19 11:18:45 GMT 2024","Fri Jan 19 11:18:48 GMT 2024","3562","","assets/js/editor/elements/views/base.test.ts","","","","renderDataBindings() sanity test",""
"passed","Fri Jan 19 11:20:16 GMT 2024","Fri Jan 19 11:20:35 GMT 2024","18365","","plugin-tester-pro.test.ts","Plugin tester tests: sections","","","""exclusive-addons-for-elementor"" plugin: @pluginTester1_sections",""
"passed","Fri Jan 19 11:19:25 GMT 2024","Fri Jan 19 11:19:31 GMT 2024","5457","","modules/nested-tabs/nested-tabs.test.ts","Nested Tabs tests @nested-tabs","","","Verify that the tab width doesn't change when changing between normal and active state",""
"passed","Fri Jan 19 11:18:10 GMT 2024","Fri Jan 19 11:18:28 GMT 2024","18620","","elements-regression.test.ts","Elementor regression tests with templates for CORE","","","Test text_editor template",""
"passed","Fri Jan 19 11:20:15 GMT 2024","Fri Jan 19 11:20:27 GMT 2024","11993","","elements-regression.test.ts","Elementor regression tests with templates for CORE","","","Test toggle template",""
"passed","Fri Jan 19 11:17:31 GMT 2024","Fri Jan 19 11:17:47 GMT 2024","16353","","includes/widgets/image.test.ts","Image widget tests @styleguide_image_link","","","image: Image size test",""
"passed","Fri Jan 19 11:20:42 GMT 2024","Fri Jan 19 11:20:47 GMT 2024","5277","","modules/nested-tabs/nested-tabs.test.ts","Nested Tabs tests @nested-tabs","","","Test the container width type",""
"passed","Fri Jan 19 11:17:41 GMT 2024","Fri Jan 19 11:17:47 GMT 2024","6106","","video.test.ts","Video tests inside a container @video","","","Verify that there is no gap between the video widget and the container",""
"passed","Fri Jan 19 11:17:57 GMT 2024","Fri Jan 19 11:18:00 GMT 2024","3602","","assets/dev/js/editor/elements/views/widget.test.ts","$e.run( 'editor/elements/views/widget' )","","","Check if the empty placeholder is displayed inside the Image Carousel",""
"passed","Fri Jan 19 11:19:29 GMT 2024","Fri Jan 19 11:19:46 GMT 2024","16925","","plugin-tester-pro.test.ts","Plugin tester tests: sections","","","""skyboot-custom-icons-for-elementor"" plugin: @pluginTester2_sections",""
"passed","Fri Jan 19 11:19:47 GMT 2024","Fri Jan 19 11:19:54 GMT 2024","6575","","modules/nested-tabs/nested-tabs.test.ts","Nested Tabs tests @nested-tabs","","","Check if the svg icons are visible on mobile display on the front end",""
"passed","Fri Jan 19 11:19:14 GMT 2024","Fri Jan 19 11:19:25 GMT 2024","11832","","modules/nested-tabs/nested-tabs.test.ts","Nested Tabs tests @nested-tabs","","","Verify the correct working of the title alignment",""
"passed","Fri Jan 19 11:17:32 GMT 2024","Fri Jan 19 11:17:51 GMT 2024","19076","","plugin-tester-pro.test.ts","Plugin tester tests: containers","","","""addon-elements-for-elementor-page-builder"" plugin: @pluginTester1_containers",""
"passed","Fri Jan 19 11:21:30 GMT 2024","Fri Jan 19 11:21:36 GMT 2024","5334","","modules/nested-tabs/nested-tabs.test.ts","Nested Tabs tests @nested-tabs","","","Check none breakpoint",""
"passed","Fri Jan 19 11:23:12 GMT 2024","Fri Jan 19 11:23:18 GMT 2024","5729","","widgets.test.ts","Widget tests","","","Widget Transform controls",""
"passed","Fri Jan 19 11:18:28 GMT 2024","Fri Jan 19 11:18:46 GMT 2024","18228","","modules/nested-accordion/nested-accordion-icon.test.ts","Nested Accordion Title Icon and Text No Overlap @nested-accordion","","","Nested Accordion Title Icon and Text No Overlap",""
"passed","Fri Jan 19 11:19:46 GMT 2024","Fri Jan 19 11:20:03 GMT 2024","16856","","plugin-tester-pro.test.ts","Plugin tester tests: sections","","","""sticky-header-effects-for-elementor"" plugin: @pluginTester2_sections",""
"passed","Fri Jan 19 11:21:41 GMT 2024","Fri Jan 19 11:21:48 GMT 2024","6919","","includes/widgets/icon.test.ts","Icon and social icon widget tests","","","Social icons: upload svg",""
"passed","Fri Jan 19 11:21:11 GMT 2024","Fri Jan 19 11:21:16 GMT 2024","5205","","modules/nested-tabs/nested-tabs.test.ts","Nested Tabs tests @nested-tabs","","","Tabs and containers are duplicated correctly",""
"passed","Fri Jan 19 11:21:56 GMT 2024","Fri Jan 19 11:22:08 GMT 2024","11897","","modules/nested-tabs/nested-tabs.test.ts","Nested Tabs tests @nested-tabs","","","Nested tabs horizontal scroll",""
"passed","Fri Jan 19 11:17:38 GMT 2024","Fri Jan 19 11:17:42 GMT 2024","4394","","assets/dev/js/editor/components/documents/commands/internal/attach-preview.test.ts","","","","$e.run( 'editor/documents/attach-preview' ) - Ensure loaded in custom selector",""
"passed","Fri Jan 19 11:18:33 GMT 2024","Fri Jan 19 11:18:39 GMT 2024","6205","","container-grid.test.ts","Container Grid tests @container","","","Test Empty View should show",""
"passed","Fri Jan 19 11:17:30 GMT 2024","Fri Jan 19 11:18:04 GMT 2024","34553","","elements-regression.test.ts","Elementor regression tests with templates for CORE","","","Test sound_cloud template",""
"passed","Fri Jan 19 11:21:47 GMT 2024","Fri Jan 19 11:22:04 GMT 2024","16884","","plugin-tester-pro.test.ts","Plugin tester tests: sections","","","""tutor-lms-elementor-addons"" plugin: @pluginTester2_sections",""
"passed","Fri Jan 19 11:20:32 GMT 2024","Fri Jan 19 11:20:37 GMT 2024","4538","","dark-mode.test.ts","","","","navigator empty placeholder should be in dark mode",""
"passed","Fri Jan 19 11:20:09 GMT 2024","Fri Jan 19 11:20:12 GMT 2024","3342","","context-menu.test.ts","Context menu","","","Delete widget test",""
"passed","Fri Jan 19 11:18:41 GMT 2024","Fri Jan 19 11:18:45 GMT 2024","3689","","assets/js/editor/controls/wysiwyg.test.ts","","","","WYSIWYG Control allows mixing HTML & entities",""
"passed","Fri Jan 19 11:19:30 GMT 2024","Fri Jan 19 11:19:36 GMT 2024","5735","","container.test.ts","Container tests @container","","","Test widgets inside the container using position fixed",""
"passed","Fri Jan 19 11:21:23 GMT 2024","Fri Jan 19 11:21:41 GMT 2024","18419","","plugin-tester-pro.test.ts","Plugin tester tests: containers","","","""metform"" plugin: @pluginTester1_containers",""
"passed","Fri Jan 19 11:17:46 GMT 2024","Fri Jan 19 11:17:49 GMT 2024","2877","","core/app/modules/onboarding/onboarding.test.ts","On boarding @onBoarding","","","Onboarding Good to Go Page - Open Kit Library",""
"passed","Fri Jan 19 11:17:47 GMT 2024","Fri Jan 19 11:18:02 GMT 2024","14029","","includes/widgets/image.test.ts","Image widget tests @styleguide_image_link","","","image-box: Image size test",""
"skipped","Fri Jan 19 11:21:57 GMT 2024","Fri Jan 19 11:21:57 GMT 2024","0","","includes/widgets/image-carousel.test.ts","Image carousel tests","","","Image Carousel Responsive Spacing",""
"passed","Fri Jan 19 11:18:14 GMT 2024","Fri Jan 19 11:18:18 GMT 2024","4322","","container-grid.test.ts","Container Grid tests @container","","","Test grid outline multiple controls",""
"passed","Fri Jan 19 11:18:57 GMT 2024","Fri Jan 19 11:19:04 GMT 2024","6647","","container.test.ts","Container tests @container","","","Sort items in a Container using DnD",""
"passed","Fri Jan 19 11:19:41 GMT 2024","Fri Jan 19 11:19:45 GMT 2024","3997","","container.test.ts","Container tests @container","","","Right click should add Full Width container",""
"passed","Fri Jan 19 11:19:48 GMT 2024","Fri Jan 19 11:19:57 GMT 2024","8831","","modules/nested-accordion/nested-accordion.test.ts","Nested Accordion experiment is active @nested-accordion","","","General Test",""
"passed","Fri Jan 19 11:21:30 GMT 2024","Fri Jan 19 11:21:47 GMT 2024","16781","","plugin-tester-pro.test.ts","Plugin tester tests: sections","","","""jetsticky-for-elementor"" plugin: @pluginTester2_sections",""
"passed","Fri Jan 19 11:18:51 GMT 2024","Fri Jan 19 11:19:02 GMT 2024","11016","","elements-regression.test.ts","Elementor regression tests with templates for CORE","","","Test image_hover template",""
"passed","Fri Jan 19 11:17:45 GMT 2024","Fri Jan 19 11:17:46 GMT 2024","823","","core/app/modules/onboarding/onboarding.test.ts","On boarding @onBoarding","","","Onboarding Site Logo Page",""
"passed","Fri Jan 19 11:18:31 GMT 2024","Fri Jan 19 11:18:42 GMT 2024","10990","","includes/elements/section/reverse-columns/reverse-columns.test.ts","Reverse Columns tests @reverse-columns","","","Reverse columns:tablet_extra - Experiment breakpoints:On",""
"passed","Fri Jan 19 11:17:38 GMT 2024","Fri Jan 19 11:17:58 GMT 2024","19332","","plugin-tester-pro.test.ts","Plugin tester tests: sections","","","""post-grid-elementor-addon"" plugin: @pluginTester2_sections",""
"passed","Fri Jan 19 11:18:16 GMT 2024","Fri Jan 19 11:18:20 GMT 2024","3958","","assets/dev/js/editor/introduction-tooltips/global-color-introduction.test.ts","Global color introduction tests","","","Check if globals introduction tooltip is being triggered by clicking on the color picker",""
"passed","Fri Jan 19 11:20:37 GMT 2024","Fri Jan 19 11:20:54 GMT 2024","16802","","plugin-tester-pro.test.ts","Plugin tester tests: sections","","","""visibility-logic-elementor"" plugin: @pluginTester2_sections",""
"passed","Fri Jan 19 11:17:32 GMT 2024","Fri Jan 19 11:17:41 GMT 2024","9560","","includes/elements/section/reverse-columns/reverse-columns.test.ts","Reverse Columns tests @reverse-columns","","","Reverse columns:mobile - Experiment breakpoints:Off",""
"passed","Fri Jan 19 11:22:51 GMT 2024","Fri Jan 19 11:22:57 GMT 2024","6441","","modules/favorites/assets/js/editor/types/widgets/widgets.test.ts","Favorite widgets","","","Add favorite",""
"passed","Fri Jan 19 11:18:26 GMT 2024","Fri Jan 19 11:18:44 GMT 2024","18896","","plugin-tester-pro.test.ts","Plugin tester tests: containers","","","""astra-sites"" plugin: @pluginTester1_containers",""
"passed","Fri Jan 19 11:19:31 GMT 2024","Fri Jan 19 11:19:41 GMT 2024","9943","","modules/nested-tabs/nested-tabs.test.ts","Nested Tabs tests @nested-tabs","","","Verify that the custom hover color doesn't affect the active tab color",""
"passed","Fri Jan 19 11:17:39 GMT 2024","Fri Jan 19 11:17:50 GMT 2024","11286","","modules/ai/assets/js/editor/components/prompt-history/history-button.test.ts","AI @ai","","","Prompt History Button",""
"passed","Fri Jan 19 11:18:18 GMT 2024","Fri Jan 19 11:18:23 GMT 2024","5453","","container-grid.test.ts","Container Grid tests @container","","","Check empty view min height",""
"passed","Fri Jan 19 11:19:41 GMT 2024","Fri Jan 19 11:19:47 GMT 2024","6625","","modules/nested-tabs/nested-tabs.test.ts","Nested Tabs tests @nested-tabs","","","Check if the icons are visible on mobile display on the front end",""
"passed","Fri Jan 19 11:18:03 GMT 2024","Fri Jan 19 11:18:12 GMT 2024","8856","","video.test.ts","Video tests inside a container @video","","","vimeo controls and link test",""
"passed","Fri Jan 19 11:17:30 GMT 2024","Fri Jan 19 11:17:53 GMT 2024","22949","","elements-regression.test.ts","Elementor regression tests with templates for CORE","","","Test text_path template",""
"passed","Fri Jan 19 11:19:24 GMT 2024","Fri Jan 19 11:19:40 GMT 2024","16697","","plugin-tester-pro.test.ts","Plugin tester tests: sections","","","""ele-custom-skin"" plugin: @pluginTester1_sections",""
"passed","Fri Jan 19 11:17:43 GMT 2024","Fri Jan 19 11:17:44 GMT 2024","1328","","core/app/modules/onboarding/onboarding.test.ts","On boarding @onBoarding","","","Onboarding Skip to Hello Theme Page",""
"passed","Fri Jan 19 11:17:32 GMT 2024","Fri Jan 19 11:17:38 GMT 2024","5437","","accordion.test.ts","","","","Accordion",""
"passed","Fri Jan 19 11:18:40 GMT 2024","Fri Jan 19 11:18:46 GMT 2024","5619","","link.test.ts","Testing link control for widgets: @styleguide_image_link","","","Verify image-box link control",""
"passed","Fri Jan 19 11:19:54 GMT 2024","Fri Jan 19 11:19:58 GMT 2024","3459","","context-menu.test.ts","Context menu","","","Duplicate widget test",""
"passed","Fri Jan 19 11:19:54 GMT 2024","Fri Jan 19 11:20:04 GMT 2024","9526","","modules/nested-tabs/nested-tabs.test.ts","Nested Tabs tests @nested-tabs","","","Check if the hover style changes the normal tab styling",""
"passed","Fri Jan 19 11:19:06 GMT 2024","Fri Jan 19 11:19:24 GMT 2024","17801","","plugin-tester-pro.test.ts","Plugin tester tests: sections","","","""dynamic-visibility-for-elementor"" plugin: @pluginTester1_sections",""
"passed","Fri Jan 19 11:22:17 GMT 2024","Fri Jan 19 11:22:22 GMT 2024","5032","","includes/widgets/tabs.test.ts","Tabs widget tests","","","Ensure the old tabs widget is telling deprecation warning message",""
"passed","Fri Jan 19 11:17:57 GMT 2024","Fri Jan 19 11:18:09 GMT 2024","12172","","includes/elements/section/reverse-columns/reverse-columns.test.ts","Reverse Columns tests @reverse-columns","","","Reverse columns:mobile - Experiment breakpoints:On",""
"passed","Fri Jan 19 11:19:57 GMT 2024","Fri Jan 19 11:20:09 GMT 2024","12433","","modules/styleguide/styleguide.test.ts","Styleguide Preview tests @styleguide_image_link","","","Disabling Styleguide Preview at Global Colors hides the Styleguide Modal and updates user preferences",""
"passed","Fri Jan 19 11:18:00 GMT 2024","Fri Jan 19 11:18:04 GMT 2024","3540","","assets/dev/js/editor/elements/views/widget.test.ts","$e.run( 'editor/elements/views/widget' )","","","Check if the empty placeholder is displayed inside the Sidebar widget",""
"passed","Fri Jan 19 11:18:15 GMT 2024","Fri Jan 19 11:18:22 GMT 2024","6365","","modules/nested-tabs/nested-tabs.test.ts","Nested Tabs tests @nested-tabs","","","Responsive breakpoints for Nested Tabs",""
"passed","Fri Jan 19 11:18:09 GMT 2024","Fri Jan 19 11:18:26 GMT 2024","16634","","plugin-tester-pro.test.ts","Plugin tester tests: containers","","","""anywhere-elementor"" plugin: @pluginTester1_containers",""
"passed","Fri Jan 19 11:19:30 GMT 2024","Fri Jan 19 11:19:43 GMT 2024","12427","","modules/styleguide/styleguide.test.ts","Styleguide Preview tests @styleguide_image_link","","","Enabling Styleguide Preview at Global Colors shows the Styleguide Modal and updates user preferences",""
"passed","Fri Jan 19 11:18:32 GMT 2024","Fri Jan 19 11:18:38 GMT 2024","6154","","modules/ai/assets/js/editor/components/prompt-history/index.test.ts","AI @ai","","","Prompt History - Image",""
"passed","Fri Jan 19 11:20:24 GMT 2024","Fri Jan 19 11:20:32 GMT 2024","7742","","core/base/document.test.ts","Document tests","","","converting gutenberg page to container",""
"passed","Fri Jan 19 11:21:07 GMT 2024","Fri Jan 19 11:21:23 GMT 2024","16492","","plugin-tester-pro.test.ts","Plugin tester tests: containers","","","""make-column-clickable-elementor"" plugin: @pluginTester1_containers",""
"passed","Fri Jan 19 11:18:04 GMT 2024","Fri Jan 19 11:18:20 GMT 2024","16121","","elements-regression.test.ts","Elementor regression tests with templates for CORE","","","Test html template",""
"passed","Fri Jan 19 11:21:34 GMT 2024","Fri Jan 19 11:21:40 GMT 2024","6372","","container.test.ts","Container tests @container","","","Convert to container does not show when only containers are on the page",""
"passed","Fri Jan 19 11:18:08 GMT 2024","Fri Jan 19 11:18:18 GMT 2024","10275","","modules/ai/assets/js/editor/components/prompt-history/index.test.ts","AI @ai","","","Prompt History - a11y",""
"passed","Fri Jan 19 11:18:44 GMT 2024","Fri Jan 19 11:19:01 GMT 2024","16811","","plugin-tester-pro.test.ts","Plugin tester tests: containers","","","""connect-polylang-elementor"" plugin: @pluginTester1_containers",""
"passed","Fri Jan 19 11:17:56 GMT 2024","Fri Jan 19 11:18:04 GMT 2024","8568","","includes/widgets/rating/style-panel.test.ts","Rating style panel - Icon Experiment: inactive @rating","","","Styling test - Icon Experiment: inactive",""
"passed","Fri Jan 19 11:21:58 GMT 2024","Fri Jan 19 11:22:07 GMT 2024","9648","","modules/styleguide/styleguide.test.ts","Styleguide Preview tests @styleguide_image_link","","","Clicking header buttons makes relevant area visible",""
"passed","Fri Jan 19 11:20:56 GMT 2024","Fri Jan 19 11:20:58 GMT 2024","2872","","hidden-widgets-on-search.test.ts","","","","Spacer widget should be shown in search result",""
"passed","Fri Jan 19 11:20:09 GMT 2024","Fri Jan 19 11:20:23 GMT 2024","13768","","modules/styleguide/styleguide.test.ts","Styleguide Preview tests @styleguide_image_link","","","Disabling Styleguide Preview at Global Typography hides the Styleguide Modal and updates user preferences",""
"passed","Fri Jan 19 11:19:30 GMT 2024","Fri Jan 19 11:19:43 GMT 2024","12625","","modules/nested-accordion/nested-accordion-style.test.ts","Nested Accordion Style Tests @nested-accordion","","","Header style tests - Text Stroke and Shadow",""
"passed","Fri Jan 19 11:18:17 GMT 2024","Fri Jan 19 11:18:22 GMT 2024","5118","","modules/nested-accordion/nested-accordion-content.test.ts","Nested Accordion Content Tests @nested-accordion","","","Nested Accordion animation",""
"passed","Fri Jan 19 11:22:04 GMT 2024","Fri Jan 19 11:22:22 GMT 2024","17979","","plugin-tester-pro.test.ts","Plugin tester tests: sections","","","""code-block-for-elementor"" plugin: @pluginTester2_sections",""
"passed","Fri Jan 19 11:17:50 GMT 2024","Fri Jan 19 11:17:57 GMT 2024","6304","","assets/dev/js/editor/document/elements/copy-paste-style.test.ts","","","","A page can be saved successfully after copy-paste style",""
"passed","Fri Jan 19 11:20:11 GMT 2024","Fri Jan 19 11:20:30 GMT 2024","18184","","plugin-tester-pro.test.ts","Plugin tester tests: containers","","","""exclusive-addons-for-elementor"" plugin: @pluginTester1_containers",""
"passed","Fri Jan 19 11:18:27 GMT 2024","Fri Jan 19 11:18:33 GMT 2024","5560","","container-grid.test.ts","Container Grid tests @container","","","Test grid auto flow on different breakpoints",""
"passed","Fri Jan 19 11:19:21 GMT 2024","Fri Jan 19 11:19:30 GMT 2024","9166","","modules/styleguide/styleguide.test.ts","Styleguide Preview tests @styleguide_image_link","","","Disabling Styleguide Preview user preference disables Styleguide Preview at Global Colors and Global Typography",""
"passed","Fri Jan 19 11:18:27 GMT 2024","Fri Jan 19 11:18:31 GMT 2024","3992","","assets/dev/js/editor/introduction-tooltips/global-font-introduction.test.ts","Global font introduction tests","","","Check if globals introduction tooltip is not being triggered twice",""
"passed","Fri Jan 19 11:21:13 GMT 2024","Fri Jan 19 11:21:30 GMT 2024","17192","","plugin-tester-pro.test.ts","Plugin tester tests: sections","","","""jetgridbuilder"" plugin: @pluginTester2_sections",""
"passed","Fri Jan 19 11:19:45 GMT 2024","Fri Jan 19 11:20:00 GMT 2024","14545","","container.test.ts","Container tests @container","","","Widget display inside container flex wrap",""
"passed","Fri Jan 19 11:18:02 GMT 2024","Fri Jan 19 11:18:10 GMT 2024","7837","","modules/nested-tabs/nested-tabs.test.ts","Nested Tabs tests @nested-tabs","","","Accessibility on the Front End",""
"passed","Fri Jan 19 11:17:54 GMT 2024","Fri Jan 19 11:18:12 GMT 2024","17759","","plugin-tester-pro.test.ts","Plugin tester tests: sections","","","""addons-for-elementor"" plugin: @pluginTester1_sections",""
"passed","Fri Jan 19 11:19:54 GMT 2024","Fri Jan 19 11:20:11 GMT 2024","16885","","plugin-tester-pro.test.ts","Plugin tester tests: containers","","","""envato-elements"" plugin: @pluginTester1_containers",""
"passed","Fri Jan 19 11:20:03 GMT 2024","Fri Jan 19 11:20:20 GMT 2024","16875","","plugin-tester-pro.test.ts","Plugin tester tests: sections","","","""timeline-widget-addon-for-elementor"" plugin: @pluginTester2_sections",""
"passed","Fri Jan 19 11:18:02 GMT 2024","Fri Jan 19 11:18:07 GMT 2024","5980","","includes/widgets/image.test.ts","Image widget tests @styleguide_image_link","","","image: Custom image size test",""
"passed","Fri Jan 19 11:17:59 GMT 2024","Fri Jan 19 11:18:06 GMT 2024","7784","","container-grid.test.ts","Container Grid tests @container","","","Grid container presets",""
"passed","Fri Jan 19 11:18:08 GMT 2024","Fri Jan 19 11:18:11 GMT 2024","3489","","assets/dev/js/editor/elements/views/widget.test.ts","$e.run( 'editor/elements/views/widget' )","","","Check if the empty placeholder is displayed inside the Basic Gallery widget",""
"passed","Fri Jan 19 11:17:51 GMT 2024","Fri Jan 19 11:18:09 GMT 2024","17523","","plugin-tester-pro.test.ts","Plugin tester tests: containers","","","""addons-for-elementor"" plugin: @pluginTester1_containers",""
"passed","Fri Jan 19 11:18:20 GMT 2024","Fri Jan 19 11:18:23 GMT 2024","3828","","assets/dev/js/editor/introduction-tooltips/global-color-introduction.test.ts","Global color introduction tests","","","Check if globals introduction tooltip is not being triggered twice",""
"passed","Fri Jan 19 11:20:35 GMT 2024","Fri Jan 19 11:20:52 GMT 2024","17709","","plugin-tester-pro.test.ts","Plugin tester tests: sections","","","""header-footer-elementor"" plugin: @pluginTester1_sections",""
"passed","Fri Jan 19 11:21:18 GMT 2024","Fri Jan 19 11:21:27 GMT 2024","9041","","container.test.ts","Container tests @container","","","Verify pasting of elements into the Container Element Add section",""
"passed","Fri Jan 19 11:22:57 GMT 2024","Fri Jan 19 11:23:00 GMT 2024","2114","","modules/promotions/admin-menu-items/menu-item-promotions.test.ts","","","","Promotion screenshot",""
"passed","Fri Jan 19 11:17:39 GMT 2024","Fri Jan 19 11:17:59 GMT 2024","19408","","container-grid.test.ts","Container Grid tests @container","","","Test grid container",""
"passed","Fri Jan 19 11:19:08 GMT 2024","Fri Jan 19 11:19:24 GMT 2024","16140","","elements-regression.test.ts","Elementor regression tests with templates for CORE","","","Test icon template",""
"passed","Fri Jan 19 11:20:23 GMT 2024","Fri Jan 19 11:20:32 GMT 2024","9287","","modules/styleguide/styleguide.test.ts","Styleguide Preview tests @styleguide_image_link","","","Clicks on color trigger picker state and active state",""
"passed","Fri Jan 19 11:20:06 GMT 2024","Fri Jan 19 11:20:10 GMT 2024","3951","","modules/nested-accordion/nested-accordion.test.ts","Nested Accordion experiment is active @nested-accordion","","","Nested Accordion with inner Nested Accordion",""
"skipped","Fri Jan 19 11:18:16 GMT 2024","Fri Jan 19 11:18:16 GMT 2024","1","","assets/dev/js/editor/elements/views/widget.test.ts","$e.run( 'editor/elements/views/widget' )","","","Check if the empty placeholder is displayed inside the Google Maps widget",""
"passed","Fri Jan 19 11:18:30 GMT 2024","Fri Jan 19 11:18:48 GMT 2024","17832","","elements-regression.test.ts","Elementor regression tests with templates for CORE","","","Test icon_box template",""
"passed","Fri Jan 19 11:21:48 GMT 2024","Fri Jan 19 11:22:06 GMT 2024","17324","","plugin-tester-pro.test.ts","Plugin tester tests: sections","","","""music-player-for-elementor"" plugin: @pluginTester1_sections",""
"passed","Fri Jan 19 11:21:53 GMT 2024","Fri Jan 19 11:22:08 GMT 2024","15050","","container.test.ts","Container tests @container","","","Test dimensions with logical properties using ltr & rtl",""
"passed","Fri Jan 19 11:19:25 GMT 2024","Fri Jan 19 11:19:36 GMT 2024","11470","","elements-regression.test.ts","Elementor regression tests with templates for CORE","","","Test social_icons_hover template",""
"passed","Fri Jan 19 11:18:28 GMT 2024","Fri Jan 19 11:18:45 GMT 2024","16925","","elements-regression.test.ts","Elementor regression tests with templates for CORE","","","Test button template",""
"passed","Fri Jan 19 11:18:23 GMT 2024","Fri Jan 19 11:18:27 GMT 2024","3982","","assets/dev/js/editor/introduction-tooltips/global-font-introduction.test.ts","Global font introduction tests","","","Check if globals introduction tooltip is being triggered by clicking on the font popover",""
"passed","Fri Jan 19 11:18:23 GMT 2024","Fri Jan 19 11:18:29 GMT 2024","5754","","link.test.ts","Testing link control for widgets: @styleguide_image_link","","","Verify button link control",""
"passed","Fri Jan 19 11:18:20 GMT 2024","Fri Jan 19 11:18:38 GMT 2024","17985","","elements-regression.test.ts","Elementor regression tests with templates for CORE","","","Test alert template",""
"passed","Fri Jan 19 11:19:04 GMT 2024","Fri Jan 19 11:19:19 GMT 2024","15063","","elements-regression.test.ts","Elementor regression tests with templates for CORE","","","Test star_rating template",""
"passed","Fri Jan 19 11:19:16 GMT 2024","Fri Jan 19 11:19:23 GMT 2024","7386","","basic-gallery.test.ts","","","","Basic Gallery Lightbox test with older Swiper",""
"passed","Fri Jan 19 11:22:31 GMT 2024","Fri Jan 19 11:22:38 GMT 2024","6871","","modules/nested-tabs/nested-tabs.test.ts","Nested Tabs tests @nested-tabs","","","Check title width inside the accordion mode",""
